mana_value,on_color_pips,off_color_pips,on_color_land_count,off_color_land_count,iterations,average_cast_turn,average_mulligan_count
1,1,0,1,16,100000,6.81323,1.5479
2,1,0,1,16,100000,7.3576,1.5548
2,1,1,1,16,100000,7.33494,1.55309
3,1,0,1,16,100000,7.92935,1.55148
3,1,1,1,16,100000,7.91641,1.5504
3,1,2,1,16,100000,7.95081,1.55315
4,1,0,1,16,100000,8.67004,1.55394
4,1,1,1,16,100000,8.65016,1.55272
4,1,2,1,16,100000,8.66918,1.55907
4,1,3,1,16,100000,8.66361,1.55255
5,1,0,1,16,100000,9.59785,1.54943
5,1,1,1,16,100000,9.60827,1.55115
5,1,2,1,16,100000,9.61738,1.55244
5,1,3,1,16,100000,9.60603,1.54937
5,1,4,1,16,100000,9.59049,1.55042
6,1,0,1,16,100000,10.78082,1.55765
6,1,1,1,16,100000,10.78392,1.5536
6,1,2,1,16,100000,10.76105,1.55008
6,1,3,1,16,100000,10.75283,1.55125
6,1,4,1,16,100000,10.77546,1.55367
6,1,5,1,16,100000,10.7759,1.55479
7,1,0,1,16,100000,12.12352,1.55276
7,1,1,1,16,100000,12.12659,1.55325
7,1,2,1,16,100000,12.14755,1.55317
7,1,3,1,16,100000,12.12375,1.55635
7,1,4,1,16,100000,12.11867,1.55193
7,1,5,1,16,100000,12.12585,1.55111
7,1,6,1,16,100000,12.12669,1.55264
1,1,0,2,15,100000,3.04167,1.1959
2,1,0,2,15,100000,3.82185,1.19926
2,1,1,2,15,100000,3.7875,1.19004
2,2,0,2,15,100000,14.61456,1.1945
3,1,0,2,15,100000,4.68804,1.19365
3,1,1,2,15,100000,4.69768,1.20073
3,1,2,2,15,100000,4.75011,1.19513
3,2,0,2,15,100000,14.73765,1.19912
3,2,1,2,15,100000,14.73216,1.19035
4,1,0,2,15,100000,5.81042,1.19378
4,1,1,2,15,100000,5.80563,1.19488
4,1,2,2,15,100000,5.80519,1.19667
4,1,3,2,15,100000,5.95214,1.1928
4,2,0,2,15,100000,14.89112,1.19494
4,2,1,2,15,100000,14.86683,1.19874
4,2,2,2,15,100000,14.90739,1.19326
5,1,0,2,15,100000,7.13783,1.19974
5,1,1,2,15,100000,7.13585,1.1918
5,1,2,2,15,100000,7.13501,1.1945
5,1,3,2,15,100000,7.12932,1.19561
5,1,4,2,15,100000,7.44762,1.19419
5,2,0,2,15,100000,15.1553,1.19233
5,2,1,2,15,100000,15.11577,1.19929
5,2,2,2,15,100000,15.11769,1.1937
5,2,3,2,15,100000,15.10142,1.19415
6,1,0,2,15,100000,8.7276,1.19856
6,1,1,2,15,100000,8.7254,1.20049
6,1,2,2,15,100000,8.71419,1.19964
6,1,3,2,15,100000,8.71587,1.19503
6,1,4,2,15,100000,8.72176,1.19301
6,1,5,2,15,100000,9.22652,1.19596
6,2,0,2,15,100000,15.48784,1.19962
6,2,1,2,15,100000,15.50578,1.19597
6,2,2,2,15,100000,15.57789,1.19777
6,2,3,2,15,100000,15.52067,1.19461
6,2,4,2,15,100000,15.50866,1.19573
7,1,0,2,15,100000,10.52659,1.19502
7,1,1,2,15,100000,10.51555,1.19513
7,1,2,2,15,100000,10.50415,1.19493
7,1,3,2,15,100000,10.51821,1.19832
7,1,4,2,15,100000,10.52094,1.19436
7,1,5,2,15,100000,10.50809,1.19948
7,1,6,2,15,100000,11.24053,1.19363
7,2,0,2,15,100000,16.08075,1.19559
7,2,1,2,15,100000,16.03576,1.20015
7,2,2,2,15,100000,16.06611,1.19161
7,2,3,2,15,100000,16.0912,1.19184
7,2,4,2,15,100000,16.06267,1.19898
7,2,5,2,15,100000,16.04095,1.19902
1,1,0,3,14,100000,1.76839,0.9199
2,1,0,3,14,100000,2.68722,0.92068
2,1,1,3,14,100000,2.72107,0.92189
2,2,0,3,14,100000,9.7791,0.92239
3,1,0,3,14,100000,3.73657,0.92296
3,1,1,3,14,100000,3.73156,0.91972
3,1,2,3,14,100000,3.92887,0.92129
3,2,0,3,14,100000,9.97743,0.92438
3,2,1,3,14,100000,10.00615,0.91899
3,3,0,3,14,100000,19.51393,0.92065
4,1,0,3,14,100000,5.00064,0.92556
4,1,1,3,14,100000,5.00788,0.92371
4,1,2,3,14,100000,5.03622,0.91932
4,1,3,3,14,100000,5.44167,0.92106
4,2,0,3,14,100000,10.3447,0.92608
4,2,1,3,14,100000,10.3343,0.92248
4,2,2,3,14,100000,10.37993,0.92065
4,3,0,3,14,100000,19.5451,0.9255
4,3,1,3,14,100000,19.48973,0.92409
5,1,0,3,14,100000,6.52034,0.92751
5,1,1,3,14,100000,6.52437,0.91974
5,1,2,3,14,100000,6.52149,0.92095
5,1,3,3,14,100000,6.59764,0.92532
5,1,4,3,14,100000,7.31409,0.92235
5,2,0,3,14,100000,10.87547,0.92181
5,2,1,3,14,100000,10.8902,0.92517
5,2,2,3,14,100000,10.8818,0.92523
5,2,3,3,14,100000,10.97273,0.92157
5,3,0,3,14,100000,19.56872,0.92281
5,3,1,3,14,100000,19.53113,0.92078
5,3,2,3,14,100000,19.54568,0.92374
6,1,0,3,14,100000,8.24459,0.92218
6,1,1,3,14,100000,8.25913,0.92733
6,1,2,3,14,100000,8.25337,0.92252
6,1,3,3,14,100000,8.25295,0.923
6,1,4,3,14,100000,8.40581,0.92097
6,1,5,3,14,100000,9.50258,0.91514
6,2,0,3,14,100000,11.63108,0.91918
6,2,1,3,14,100000,11.62415,0.92311
6,2,2,3,14,100000,11.58584,0.92855
6,2,3,3,14,100000,11.66692,0.92017
6,2,4,3,14,100000,11.80064,0.92761
6,3,0,3,14,100000,19.64987,0.92229
6,3,1,3,14,100000,19.69146,0.92317
6,3,2,3,14,100000,19.64875,0.92013
6,3,3,3,14,100000,19.6704,0.92334
7,1,0,3,14,100000,10.18217,0.92493
7,1,1,3,14,100000,10.19454,0.91964
7,1,2,3,14,100000,10.18801,0.92634
7,1,3,3,14,100000,10.18301,0.91909
7,1,4,3,14,100000,10.19015,0.92198
7,1,5,3,14,100000,10.46223,0.92192
7,1,6,3,14,100000,11.88282,0.92081
7,2,0,3,14,100000,12.68486,0.91633
7,2,1,3,14,100000,12.66709,0.92318
7,2,2,3,14,100000,12.66115,0.92244
7,2,3,3,14,100000,12.64325,0.92252
7,2,4,3,14,100000,12.68075,0.92543
7,2,5,3,14,100000,12.94706,0.92111
7,3,0,3,14,100000,19.82029,0.92308
7,3,1,3,14,100000,19.81565,0.9295
7,3,2,3,14,100000,19.81644,0.91906
7,3,3,3,14,100000,19.85285,0.92204
7,3,4,3,14,100000,19.82436,0.92502
1,1,0,4,13,100000,1.30281,0.71523
2,1,0,4,13,100000,2.29015,0.71363
2,1,1,4,13,100000,2.36855,0.71521
2,2,0,4,13,100000,7.24918,0.71699
3,1,0,4,13,100000,3.43908,0.70919
3,1,1,4,13,100000,3.44334,0.71071
3,1,2,4,13,100000,3.74952,0.71044
3,2,0,4,13,100000,7.57218,0.71287
3,2,1,4,13,100000,7.61565,0.71306
3,3,0,4,13,100000,14.73188,0.71441
4,1,0,4,13,100000,4.77507,0.71621
4,1,1,4,13,100000,4.79076,0.71743
4,1,2,4,13,100000,4.85539,0.71166
4,1,3,4,13,100000,5.55061,0.71327
4,2,0,4,13,100000,8.0831,0.71235
4,2,1,4,13,100000,8.10491,0.71275
4,2,2,4,13,100000,8.16806,0.71119
4,3,0,4,13,100000,14.85014,0.71299
4,3,1,4,13,100000,14.82645,0.71682
4,4,0,4,13,100000,22.72752,0.71152
5,1,0,4,13,100000,6.36304,0.71672
5,1,1,4,13,100000,6.35337,0.71881
5,1,2,4,13,100000,6.35433,0.70917
5,1,3,4,13,100000,6.60255,0.71425
5,1,4,4,13,100000,7.73469,0.71139
5,2,0,4,13,100000,8.85643,0.7119
5,2,1,4,13,100000,8.86135,0.71354
5,2,2,4,13,100000,8.85739,0.71178
5,2,3,4,13,100000,9.10013,0.71536
5,3,0,4,13,100000,14.98488,0.71427
5,3,1,4,13,100000,15.01248,0.71427
5,3,2,4,13,100000,15.00769,0.7137
5,4,0,4,13,100000,22.73902,0.71236
5,4,1,4,13,100000,22.71293,0.7153
6,1,0,4,13,100000,8.14884,0.71403
6,1,1,4,13,100000,8.15363,0.71725
6,1,2,4,13,100000,8.15162,0.71543
6,1,3,4,13,100000,8.18963,0.71087
6,1,4,4,13,100000,8.63328,0.71875
6,1,5,4,13,100000,10.22646,0.70891
6,2,0,4,13,100000,9.89176,0.71327
6,2,1,4,13,100000,9.89595,0.71531
6,2,2,4,13,100000,9.91619,0.71601
6,2,3,4,13,100000,9.95774,0.71359
6,2,4,4,13,100000,10.38091,0.71186
6,3,0,4,13,100000,15.24315,0.71418
6,3,1,4,13,100000,15.21388,0.71463
6,3,2,4,13,100000,15.20465,0.71518
6,3,3,4,13,100000,15.24877,0.71588
6,4,0,4,13,100000,22.71937,0.71742
6,4,1,4,13,100000,22.77558,0.71497
6,4,2,4,13,100000,22.71736,0.71645
7,1,0,4,13,100000,10.10767,0.71608
7,1,1,4,13,100000,10.09105,0.71693
7,1,2,4,13,100000,10.10936,0.71408
7,1,3,4,13,100000,10.10696,0.71478
7,1,4,4,13,100000,10.19225,0.71556
7,1,5,4,13,100000,10.9235,0.71783
7,1,6,4,13,100000,12.92844,0.71453
7,2,0,4,13,100000,11.28691,0.71761
7,2,1,4,13,100000,11.27389,0.71532
7,2,2,4,13,100000,11.27431,0.71361
7,2,3,4,13,100000,11.27439,0.71095
7,2,4,4,13,100000,11.35764,0.71251
7,2,5,4,13,100000,12.06559,0.7107
7,3,0,4,13,100000,15.65465,0.71742
7,3,1,4,13,100000,15.67266,0.71472
7,3,2,4,13,100000,15.63731,0.71294
7,3,3,4,13,100000,15.65961,0.71528
7,3,4,4,13,100000,15.75567,0.7127
7,4,0,4,13,100000,22.77952,0.71631
7,4,1,4,13,100000,22.83104,0.71038
7,4,2,4,13,100000,22.8117,0.70887
7,4,3,4,13,100000,22.76065,0.71184
1,1,0,5,12,100000,1.12294,0.55269
2,1,0,5,12,100000,2.14923,0.55655
2,1,1,5,12,100000,2.2797,0.55421
2,2,0,5,12,100000,5.73239,0.55656
3,1,0,5,12,100000,3.33033,0.55234
3,1,1,5,12,100000,3.37582,0.56061
3,1,2,5,12,100000,3.8534,0.5545
3,2,0,5,12,100000,6.18027,0.55214
3,2,1,5,12,100000,6.20462,0.55659
3,3,0,5,12,100000,11.84733,0.55775
4,1,0,5,12,100000,4.72088,0.55835
4,1,1,5,12,100000,4.72647,0.55527
4,1,2,5,12,100000,4.91322,0.55815
4,1,3,5,12,100000,5.9361,0.55603
4,2,0,5,12,100000,6.83084,0.55639
4,2,1,5,12,100000,6.83804,0.55258
4,2,2,5,12,100000,6.99585,0.55398
4,3,0,5,12,100000,11.91635,0.55312
4,3,1,5,12,100000,11.90738,0.55384
4,4,0,5,12,100000,18.33421,0.55616
5,1,0,5,12,100000,6.32958,0.55509
5,1,1,5,12,100000,6.33082,0.55144
5,1,2,5,12,100000,6.37892,0.55275
5,1,3,5,12,100000,6.83013,0.55593
5,1,4,5,12,100000,8.43331,0.55279
5,2,0,5,12,100000,7.77973,0.54891
5,2,1,5,12,100000,7.80878,0.55657
5,2,2,5,12,100000,7.8041,0.55395
5,2,3,5,12,100000,8.28122,0.55449
5,3,0,5,12,100000,12.17023,0.55256
5,3,1,5,12,100000,12.18893,0.55242
5,3,2,5,12,100000,12.23786,0.55181
5,4,0,5,12,100000,18.37269,0.55103
5,4,1,5,12,100000,18.36759,0.55558
5,5,0,5,12,100000,25.04172,0.55315
6,1,0,5,12,100000,8.14077,0.55399
6,1,1,5,12,100000,8.14733,0.55352
6,1,2,5,12,100000,8.14832,0.55671
6,1,3,5,12,100000,8.29884,0.55583
6,1,4,5,12,100000,9.09874,0.55831
6,1,5,5,12,100000,11.21258,0.55608
6,2,0,5,12,100000,9.05165,0.55723
6,2,1,5,12,100000,9.05603,0.55372
6,2,2,5,12,100000,9.07638,0.55387
6,2,3,5,12,100000,9.19108,0.55441
6,2,4,5,12,100000,10.03123,0.55446
6,3,0,5,12,100000,12.6018,0.55417
6,3,1,5,12,100000,12.63775,0.5571
6,3,2,5,12,100000,12.63175,0.55417
6,3,3,5,12,100000,12.73082,0.55386
6,4,0,5,12,100000,18.41451,0.55725
6,4,1,5,12,100000,18.44268,0.55458
6,4,2,5,12,100000,18.43746,0.55186
6,5,0,5,12,100000,25.01211,0.55581
6,5,1,5,12,100000,25.02311,0.55329
7,1,0,5,12,100000,10.09357,0.55442
7,1,1,5,12,100000,10.10848,0.55638
7,1,2,5,12,100000,10.10699,0.55401
7,1,3,5,12,100000,10.15026,0.55269
7,1,4,5,12,100000,10.41583,0.55394
7,1,5,5,12,100000,11.69601,0.55641
7,1,6,5,12,100000,14.18487,0.555
7,2,0,5,12,100000,10.67157,0.55347
7,2,1,5,12,100000,10.64735,0.55743
7,2,2,5,12,100000,10.64907,0.55475
7,2,3,5,12,100000,10.68474,0.55284
7,2,4,5,12,100000,10.97642,0.55558
7,2,5,5,12,100000,12.22349,0.55398
7,3,0,5,12,100000,13.30948,0.55318
7,3,1,5,12,100000,13.35586,0.55591
7,3,2,5,12,100000,13.33277,0.55469
7,3,3,5,12,100000,13.34594,0.55361
7,3,4,5,12,100000,13.61596,0.552
7,4,0,5,12,100000,18.57236,0.5518
7,4,1,5,12,100000,18.56888,0.55442
7,4,2,5,12,100000,18.5719,0.55533
7,4,3,5,12,100000,18.56988,0.55487
7,5,0,5,12,100000,25.00523,0.55508
7,5,1,5,12,100000,25.01559,0.5564
7,5,2,5,12,100000,24.99895,0.55531
1,1,0,6,11,100000,1.04817,0.42972
2,1,0,6,11,100000,2.09845,0.4316
2,1,1,6,11,100000,2.29448,0.43023
2,2,0,6,11,100000,4.76057,0.43254
3,1,0,6,11,100000,3.299,0.4306
3,1,1,6,11,100000,3.38182,0.43425
3,1,2,6,11,100000,4.0893,0.42789
3,2,0,6,11,100000,5.29108,0.42893
3,2,1,6,11,100000,5.36504,0.4287
3,3,0,6,11,100000,9.75107,0.43128
4,1,0,6,11,100000,4.71077,0.43428
4,1,1,6,11,100000,4.72332,0.43424
4,1,2,6,11,100000,5.0557,0.42879
4,1,3,6,11,100000,6.47813,0.43039
4,2,0,6,11,100000,6.07653,0.43353
4,2,1,6,11,100000,6.07905,0.43122
4,2,2,6,11,100000,6.42026,0.4331
4,3,0,6,11,100000,9.93904,0.43224
4,3,1,6,11,100000,10.01169,0.43189
4,4,0,6,11,100000,15.3294,0.43115
5,1,0,6,11,100000,6.33833,0.4313
5,1,1,6,11,100000,6.34266,0.4331
5,1,2,6,11,100000,6.44844,0.43282
5,1,3,6,11,100000,7.22344,0.43108
5,1,4,6,11,100000,9.30903,0.43013
5,2,0,6,11,100000,7.19481,0.43238
5,2,1,6,11,100000,7.19546,0.4311
5,2,2,6,11,100000,7.3121,0.42961
5,2,3,6,11,100000,8.08585,0.43248
5,3,0,6,11,100000,10.33299,0.43147
5,3,1,6,11,100000,10.34233,0.42941
5,3,2,6,11,100000,10.44691,0.43407
5,4,0,6,11,100000,15.36216,0.43109
5,4,1,6,11,100000,15.38519,0.43147
5,5,0,6,11,100000,20.96996,0.43193
6,1,0,6,11,100000,8.1741,0.434
6,1,1,6,11,100000,8.164,0.43396
6,1,2,6,11,100000,8.19008,0.43243
6,1,3,6,11,100000,8.49276,0.43074
6,1,4,6,11,100000,9.80096,0.43078
6,1,5,6,11,100000,12.40952,0.43263
6,2,0,6,11,100000,8.64364,0.42698
6,2,1,6,11,100000,8.64955,0.43167
6,2,2,6,11,100000,8.67053,0.43065
6,2,3,6,11,100000,8.97258,0.43209
6,2,4,6,11,100000,10.27457,0.43078
6,3,0,6,11,100000,10.96711,0.4299
6,3,1,6,11,100000,10.97311,0.43116
6,3,2,6,11,100000,11.00175,0.43619
6,3,3,6,11,100000,11.33065,0.4306
6,4,0,6,11,100000,15.49026,0.42806
6,4,1,6,11,100000,15.46985,0.43063
6,4,2,6,11,100000,15.50277,0.43316
6,5,0,6,11,100000,21.02283,0.4325
6,5,1,6,11,100000,20.98995,0.42951
6,6,0,6,11,100000,26.68987,0.43201
7,1,0,6,11,100000,10.14847,0.43052
7,1,1,6,11,100000,10.15649,0.43068
7,1,2,6,11,100000,10.15218,0.43182
7,1,3,6,11,100000,10.2293,0.42968
7,1,4,6,11,100000,10.85338,0.4298
7,1,5,6,11,100000,12.7002,0.42829
7,1,6,6,11,100000,15.66238,0.42717
7,2,0,6,11,100000,10.40427,0.43016
7,2,1,6,11,100000,10.39777,0.4326
7,2,2,6,11,100000,10.39016,0.43454
7,2,3,6,11,100000,10.48759,0.43162
7,2,4,6,11,100000,11.12169,0.4293
7,2,5,6,11,100000,12.9431,0.43029
7,3,0,6,11,100000,11.93961,0.43214
7,3,1,6,11,100000,11.93355,0.43086
7,3,2,6,11,100000,11.96325,0.43254
7,3,3,6,11,100000,12.0664,0.43439
7,3,4,6,11,100000,12.67868,0.42949
7,4,0,6,11,100000,15.74046,0.43378
7,4,1,6,11,100000,15.77972,0.43114
7,4,2,6,11,100000,15.74385,0.43364
7,4,3,6,11,100000,15.87351,0.43115
7,5,0,6,11,100000,21.03707,0.42851
7,5,1,6,11,100000,21.04185,0.42922
7,5,2,6,11,100000,21.05023,0.43141
7,6,0,6,11,100000,26.69708,0.42864
7,6,1,6,11,100000,26.6999,0.43336
1,1,0,7,10,100000,1.0197,0.33535
2,1,0,7,10,100000,2.08465,0.33489
2,1,1,7,10,100000,2.37688,0.33566
2,2,0,7,10,100000,4.09174,0.33633
3,1,0,7,10,100000,3.30706,0.33677
3,1,1,7,10,100000,3.43504,0.33392
3,1,2,7,10,100000,4.43196,0.3366
3,2,0,7,10,100000,4.72484,0.33892
3,2,1,7,10,100000,4.83913,0.33561
3,3,0,7,10,100000,8.31302,0.33671
4,1,0,7,10,100000,4.72568,0.33776
4,1,1,7,10,100000,4.78727,0.33248
4,1,2,7,10,100000,5.31572,0.3356
4,1,3,7,10,100000,7.15928,0.33728
4,2,0,7,10,100000,5.61236,0.33631
4,2,1,7,10,100000,5.65655,0.33861
4,2,2,7,10,100000,6.17335,0.33546
4,3,0,7,10,100000,8.58566,0.33423
4,3,1,7,10,100000,8.61667,0.33416
4,4,0,7,10,100000,13.07463,0.33489
5,1,0,7,10,100000,6.3856,0.33463
5,1,1,7,10,100000,6.3921,0.33501
5,1,2,7,10,100000,6.62311,0.33561
5,1,3,7,10,100000,7.76466,0.33708
5,1,4,7,10,100000,10.34844,0.33623
5,2,0,7,10,100000,6.87353,0.33385
5,2,1,7,10,100000,6.86302,0.33712
5,2,2,7,10,100000,7.10213,0.33484
5,2,3,7,10,100000,8.27786,0.33651
5,3,0,7,10,100000,9.07091,0.33557
5,3,1,7,10,100000,9.09068,0.33669
5,3,2,7,10,100000,9.32652,0.33543
5,4,0,7,10,100000,13.14447,0.33788
5,4,1,7,10,100000,13.15355,0.33675
5,5,0,7,10,100000,17.95552,0.33906
6,1,0,7,10,100000,8.20693,0.33736
6,1,1,7,10,100000,8.21846,0.33743
6,1,2,7,10,100000,8.27977,0.33534
6,1,3,7,10,100000,8.86632,0.335
6,1,4,7,10,100000,10.73743,0.33826
6,1,5,7,10,100000,13.85957,0.33848
6,2,0,7,10,100000,8.44648,0.33456
6,2,1,7,10,100000,8.46114,0.33536
6,2,2,7,10,100000,8.52593,0.33644
6,2,3,7,10,100000,9.10596,0.33656
6,2,4,7,10,100000,10.96627,0.33564
6,3,0,7,10,100000,9.93321,0.33693
6,3,1,7,10,100000,9.92646,0.33847
6,3,2,7,10,100000,10.019,0.33545
6,3,3,7,10,100000,10.61145,0.33791
6,4,0,7,10,100000,13.3392,0.33251
6,4,1,7,10,100000,13.36101,0.33818
6,4,2,7,10,100000,13.45098,0.33442
6,5,0,7,10,100000,18.0077,0.33884
6,5,1,7,10,100000,18.0253,0.33816
6,6,0,7,10,100000,23.02538,0.33143
7,1,0,7,10,100000,10.18851,0.33967
7,1,1,7,10,100000,10.18848,0.3383
7,1,2,7,10,100000,10.20194,0.33474
7,1,3,7,10,100000,10.42153,0.33566
7,1,4,7,10,100000,11.5289,0.33788
7,1,5,7,10,100000,14.02906,0.33601
7,1,6,7,10,100000,17.40761,0.33583
7,2,0,7,10,100000,10.28796,0.3346
7,2,1,7,10,100000,10.30226,0.33475
7,2,2,7,10,100000,10.31073,0.3365
7,2,3,7,10,100000,10.54644,0.33548
7,2,4,7,10,100000,11.63323,0.33519
7,2,5,7,10,100000,14.1454,0.33614
7,3,0,7,10,100000,11.17614,0.33603
7,3,1,7,10,100000,11.17767,0.33525
7,3,2,7,10,100000,11.19418,0.3364
7,3,3,7,10,100000,11.43734,0.3353
7,3,4,7,10,100000,12.51919,0.33374
7,4,0,7,10,100000,13.82253,0.33974
7,4,1,7,10,100000,13.86938,0.33564
7,4,2,7,10,100000,13.8273,0.33884
7,4,3,7,10,100000,14.0573,0.33622
7,5,0,7,10,100000,18.11127,0.34025
7,5,1,7,10,100000,18.08972,0.33762
7,5,2,7,10,100000,18.14081,0.3355
7,6,0,7,10,100000,22.97469,0.33731
7,6,1,7,10,100000,23.01004,0.33405
7,7,0,7,10,100000,27.97993,0.33608
1,1,0,8,9,100000,1.00739,0.26056
2,1,0,8,9,100000,2.08124,0.26293
2,1,1,8,9,100000,2.52022,0.26213
2,2,0,8,9,100000,3.59244,0.26101
3,1,0,8,9,100000,3.31821,0.26519
3,1,1,8,9,100000,3.54362,0.26206
3,1,2,8,9,100000,4.8725,0.26365
3,2,0,8,9,100000,4.29352,0.26177
3,2,1,8,9,100000,4.52421,0.26189
3,3,0,8,9,100000,7.2201,0.26116
4,1,0,8,9,100000,4.76133,0.25855
4,1,1,8,9,100000,4.85581,0.25962
4,1,2,8,9,100000,5.65445,0.25938
4,1,3,8,9,100000,8.04175,0.25839
4,2,0,8,9,100000,5.31692,0.26188
4,2,1,8,9,100000,5.42343,0.25935
4,2,2,8,9,100000,6.22843,0.26144
4,3,0,8,9,100000,7.52995,0.26616
4,3,1,8,9,100000,7.65111,0.26291
4,4,0,8,9,100000,11.32003,0.26484
5,1,0,8,9,100000,6.41443,0.26225
5,1,1,8,9,100000,6.45145,0.2608
5,1,2,8,9,100000,6.86351,0.26398
5,1,3,8,9,100000,8.52732,0.26108
5,1,4,8,9,100000,11.69477,0.26129
5,2,0,8,9,100000,6.66966,0.26146
5,2,1,8,9,100000,6.71613,0.26298
5,2,2,8,9,100000,7.12633,0.26112
5,2,3,8,9,100000,8.79064,0.26472
5,3,0,8,9,100000,8.19915,0.25922
5,3,1,8,9,100000,8.24569,0.26259
5,3,2,8,9,100000,8.66847,0.26308
5,4,0,8,9,100000,11.44499,0.26096
5,4,1,8,9,100000,11.49147,0.26203
5,5,0,8,9,100000,15.66898,0.26479
6,1,0,8,9,100000,8.25399,0.25839
6,1,1,8,9,100000,8.25907,0.26041
6,1,2,8,9,100000,8.4594,0.26231
6,1,3,8,9,100000,9.41721,0.25906
6,1,4,8,9,100000,11.94399,0.26216
6,1,5,8,9,100000,15.56301,0.26043
6,2,0,8,9,100000,8.35704,0.26194
6,2,1,8,9,100000,8.37286,0.26312
6,2,2,8,9,100000,8.54704,0.26464
6,2,3,8,9,100000,9.54142,0.26194
6,2,4,8,9,100000,12.04757,0.26017
6,3,0,8,9,100000,9.24703,0.26363
6,3,1,8,9,100000,9.27481,0.26144
6,3,2,8,9,100000,9.44784,0.26456
6,3,3,8,9,100000,10.42273,0.26296
6,4,0,8,9,100000,11.82494,0.26186
6,4,1,8,9,100000,11.79988,0.25855
6,4,2,8,9,100000,11.98305,0.2617
6,5,0,8,9,100000,15.74231,0.25974
6,5,1,8,9,100000,15.73491,0.26198
6,6,0,8,9,100000,20.1038,0.26095
7,1,0,8,9,100000,10.24854,0.26097
7,1,1,8,9,100000,10.23236,0.2607
7,1,2,8,9,100000,10.30691,0.26178
7,1,3,8,9,100000,10.79751,0.26302
7,1,4,8,9,100000,12.50381,0.2637
7,1,5,8,9,100000,15.66591,0.26346
7,1,6,8,9,100000,19.49465,0.25926
7,2,0,8,9,100000,10.2861,0.26218
7,2,1,8,9,100000,10.28184,0.2619
7,2,2,8,9,100000,10.34468,0.26296
7,2,3,8,9,100000,10.8251,0.26238
7,2,4,8,9,100000,12.55315,0.26199
7,2,5,8,9,100000,15.70836,0.26105
7,3,0,8,9,100000,10.74264,0.26055
7,3,1,8,9,100000,10.74194,0.26365
7,3,2,8,9,100000,10.81048,0.26115
7,3,3,8,9,100000,11.30331,0.25876
7,3,4,8,9,100000,13.02289,0.26304
7,4,0,8,9,100000,12.49457,0.26406
7,4,1,8,9,100000,12.50883,0.26479
7,4,2,8,9,100000,12.57179,0.26214
7,4,3,8,9,100000,13.03159,0.26497
7,5,0,8,9,100000,15.84766,0.26101
7,5,1,8,9,100000,15.92396,0.26017
7,5,2,8,9,100000,15.95638,0.26067
7,6,0,8,9,100000,20.12422,0.26063
7,6,1,8,9,100000,20.10728,0.26303
7,7,0,8,9,100000,24.57859,0.26295
1,1,0,9,8,100000,1.00272,0.20786
2,1,0,9,8,100000,2.08399,0.20395
2,1,1,9,8,100000,2.71244,0.20333
2,2,0,9,8,100000,3.22799,0.20585
3,1,0,9,8,100000,3.32763,0.20401
3,1,1,9,8,100000,3.68933,0.20616
3,1,2,9,8,100000,5.52374,0.20439
3,2,0,9,8,100000,4.00494,0.20338
3,2,1,9,8,100000,4.37361,0.20488
3,3,0,9,8,100000,6.33508,0.20527
4,1,0,9,8,100000,4.77146,0.2055
4,1,1,9,8,100000,4.96294,0.20603
4,1,2,9,8,100000,6.1878,0.20037
4,1,3,9,8,100000,9.18813,0.20692
4,2,0,9,8,100000,5.12238,0.20756
4,2,1,9,8,100000,5.32087,0.20617
4,2,2,9,8,100000,6.52254,0.20349
4,3,0,9,8,100000,6.78587,0.20226
4,3,1,9,8,100000,6.96529,0.20693
4,4,0,9,8,100000,9.96144,0.20562
5,1,0,9,8,100000,6.44216,0.20604
5,1,1,9,8,100000,6.53064,0.20537
5,1,2,9,8,100000,7.23631,0.20447
5,1,3,9,8,100000,9.56288,0.20185
5,1,4,9,8,100000,13.33716,0.20522
5,2,0,9,8,100000,6.58633,0.20386
5,2,1,9,8,100000,6.67261,0.20387
5,2,2,9,8,100000,7.38827,0.20444
5,2,3,9,8,100000,9.71196,0.20316
5,3,0,9,8,100000,7.60459,0.2042
5,3,1,9,8,100000,7.66415,0.20565
5,3,2,9,8,100000,8.39935,0.20567
5,4,0,9,8,100000,10.18197,0.20234
5,4,1,9,8,100000,10.26546,0.20196
5,5,0,9,8,100000,13.80837,0.20424
6,1,0,9,8,100000,8.3018,0.20275
6,1,1,9,8,100000,8.3268,0.20493
6,1,2,9,8,100000,8.67753,0.20604
6,1,3,9,8,100000,10.26576,0.20463
6,1,4,9,8,100000,13.49764,0.20595
6,1,5,9,8,100000,17.71363,0.20668
6,2,0,9,8,100000,8.34895,0.20175
6,2,1,9,8,100000,8.36048,0.20184
6,2,2,9,8,100000,8.72778,0.20203
6,2,3,9,8,100000,10.28012,0.20531
6,2,4,9,8,100000,13.55292,0.20282
6,3,0,9,8,100000,8.84377,0.20398
6,3,1,9,8,100000,8.89574,0.20416
6,3,2,9,8,100000,9.23594,0.20367
6,3,3,9,8,100000,10.83527,0.20402
6,4,0,9,8,100000,10.67999,0.20296
6,4,1,9,8,100000,10.70397,0.2044
6,4,2,9,8,100000,11.07708,0.20391
6,5,0,9,8,100000,13.91937,0.20383
6,5,1,9,8,100000,13.92526,0.20365
6,6,0,9,8,100000,17.7672,0.20546
7,1,0,9,8,100000,10.30286,0.20521
7,1,1,9,8,100000,10.27496,0.2047
7,1,2,9,8,100000,10.46552,0.20228
7,1,3,9,8,100000,11.37335,0.20489
7,1,4,9,8,100000,13.91032,0.20407
7,1,5,9,8,100000,17.77184,0.20414
7,1,6,9,8,100000,22.10367,0.20556
7,2,0,9,8,100000,10.30558,0.20402
7,2,1,9,8,100000,10.31037,0.20644
7,2,2,9,8,100000,10.46778,0.20304
7,2,3,9,8,100000,11.39542,0.203
7,2,4,9,8,100000,13.88981,0.20526
7,2,5,9,8,100000,17.76432,0.20365
7,3,0,9,8,100000,10.52997,0.20502
7,3,1,9,8,100000,10.50536,0.20592
7,3,2,9,8,100000,10.68941,0.20485
7,3,3,9,8,100000,11.58624,0.2045
7,3,4,9,8,100000,14.13667,0.204
7,4,0,9,8,100000,11.61149,0.20045
7,4,1,9,8,100000,11.59504,0.2046
7,4,2,9,8,100000,11.77476,0.20459
7,4,3,9,8,100000,12.72464,0.20504
7,5,0,9,8,100000,14.17006,0.2034
7,5,1,9,8,100000,14.16115,0.20648
7,5,2,9,8,100000,14.32085,0.20552
7,6,0,9,8,100000,17.83187,0.20236
7,6,1,9,8,100000,17.80872,0.2028
7,7,0,9,8,100000,21.77347,0.20709
1,1,0,10,7,100000,1.00103,0.15744
2,1,0,10,7,100000,2.08751,0.15815
2,1,1,10,7,100000,2.99887,0.15862
2,2,0,10,7,100000,2.96065,0.15907
3,1,0,10,7,100000,3.35134,0.16183
3,1,1,10,7,100000,3.93321,0.15812
3,1,2,10,7,100000,6.34692,0.16063
3,2,0,10,7,100000,3.81169,0.15674
3,2,1,10,7,100000,4.39679,0.15842
3,3,0,10,7,100000,5.65284,0.1586
4,1,0,10,7,100000,4.80502,0.15748
4,1,1,10,7,100000,5.13217,0.1584
4,1,2,10,7,100000,6.90826,0.15836
4,1,3,10,7,100000,10.70007,0.15926
4,2,0,10,7,100000,5.01416,0.1589
4,2,1,10,7,100000,5.34088,0.15706
4,2,2,10,7,100000,7.1318,0.16038
4,3,0,10,7,100000,6.21276,0.15922
4,3,1,10,7,100000,6.52459,0.16023
4,4,0,10,7,100000,8.83861,0.15736
5,1,0,10,7,100000,6.48661,0.16021
5,1,1,10,7,100000,6.6454,0.16013
5,1,2,10,7,100000,7.80969,0.15924
5,1,3,10,7,100000,10.93026,0.15867
5,1,4,10,7,100000,15.48646,0.16021
5,2,0,10,7,100000,6.54668,0.15816
5,2,1,10,7,100000,6.71738,0.15794
5,2,2,10,7,100000,7.88114,0.15965
5,2,3,10,7,100000,11.0211,0.15737
5,3,0,10,7,100000,7.19495,0.15879
5,3,1,10,7,100000,7.34539,0.15988
5,3,2,10,7,100000,8.53447,0.16056
5,4,0,10,7,100000,9.16133,0.15825
5,4,1,10,7,100000,9.31068,0.15859
5,5,0,10,7,100000,12.29391,0.1587
6,1,0,10,7,100000,8.3322,0.15843
6,1,1,10,7,100000,8.40995,0.15962
6,1,2,10,7,100000,9.10914,0.15891
6,1,3,10,7,100000,11.43228,0.15912
6,1,4,10,7,100000,15.54933,0.15824
6,1,5,10,7,100000,20.41358,0.15608
6,2,0,10,7,100000,8.35427,0.15953
6,2,1,10,7,100000,8.43736,0.15842
6,2,2,10,7,100000,9.12228,0.1599
6,2,3,10,7,100000,11.48005,0.15833
6,2,4,10,7,100000,15.58409,0.15675
6,3,0,10,7,100000,8.61608,0.1603
6,3,1,10,7,100000,8.70998,0.15919
6,3,2,10,7,100000,9.39254,0.15818
6,3,3,10,7,100000,11.74128,0.15728
6,4,0,10,7,100000,9.84946,0.15914
6,4,1,10,7,100000,9.89914,0.15884
6,4,2,10,7,100000,10.6206,0.15861
6,5,0,10,7,100000,12.45235,0.15782
6,5,1,10,7,100000,12.54278,0.16015
6,6,0,10,7,100000,15.87679,0.15979
7,1,0,10,7,100000,10.34609,0.15904
7,1,1,10,7,100000,10.38374,0.16085
7,1,2,10,7,100000,10.73105,0.15746
7,1,3,10,7,100000,12.31799,0.15982
7,1,4,10,7,100000,15.80626,0.15586
7,1,5,10,7,100000,20.43152,0.15816
7,1,6,10,7,100000,25.36431,0.16055
7,2,0,10,7,100000,10.35555,0.15664
7,2,1,10,7,100000,10.37346,0.15896
7,2,2,10,7,100000,10.72038,0.15631
7,2,3,10,7,100000,12.32012,0.15836
7,2,4,10,7,100000,15.81541,0.15785
7,2,5,10,7,100000,20.41064,0.16044
7,3,0,10,7,100000,10.43856,0.15809
7,3,1,10,7,100000,10.46047,0.15795
7,3,2,10,7,100000,10.82656,0.15873
7,3,3,10,7,100000,12.40225,0.16017
7,3,4,10,7,100000,15.89234,0.15892
7,4,0,10,7,100000,11.04169,0.1596
7,4,1,10,7,100000,11.04815,0.16014
7,4,2,10,7,100000,11.40669,0.1596
7,4,3,10,7,100000,12.98104,0.15751
7,5,0,10,7,100000,12.89186,0.15948
7,5,1,10,7,100000,12.90496,0.15921
7,5,2,10,7,100000,13.26153,0.15939
7,6,0,10,7,100000,15.94803,0.15888
7,6,1,10,7,100000,15.96843,0.16156
7,7,0,10,7,100000,19.52948,0.15937
1,1,0,11,6,100000,1.00037,0.12266
2,1,0,11,6,100000,2.09483,0.12369
2,1,1,11,6,100000,3.41861,0.12212
2,2,0,11,6,100000,2.74851,0.12402
3,1,0,11,6,100000,3.36117,0.12322
3,1,1,11,6,100000,4.26546,0.12255
3,1,2,11,6,100000,7.51271,0.12287
3,2,0,11,6,100000,3.66567,0.12316
3,2,1,11,6,100000,4.54999,0.12465
3,3,0,11,6,100000,5.11288,0.12307
4,1,0,11,6,100000,4.84035,0.12441
4,1,1,11,6,100000,5.3876,0.12284
4,1,2,11,6,100000,7.9979,0.12284
4,1,3,11,6,100000,12.6949,0.12228
4,2,0,11,6,100000,4.94925,0.12347
4,2,1,11,6,100000,5.50959,0.1237
4,2,2,11,6,100000,8.0845,0.12405
4,3,0,11,6,100000,5.76557,0.12389
4,3,1,11,6,100000,6.34556,0.1242
4,4,0,11,6,100000,7.9476,0.12283
5,1,0,11,6,100000,6.52165,0.12309
5,1,1,11,6,100000,6.84005,0.12313
5,1,2,11,6,100000,8.68954,0.12306
5,1,3,11,6,100000,12.86858,0.12287
5,1,4,11,6,100000,18.20986,0.12333
5,2,0,11,6,100000,6.55052,0.11999
5,2,1,11,6,100000,6.86274,0.12437
5,2,2,11,6,100000,8.74214,0.12232
5,2,3,11,6,100000,12.87973,0.12413
5,3,0,11,6,100000,6.9104,0.12633
5,3,1,11,6,100000,7.24349,0.12246
5,3,2,11,6,100000,9.09159,0.12259
5,4,0,11,6,100000,8.36415,0.12405
5,4,1,11,6,100000,8.672,0.12351
5,5,0,11,6,100000,11.05396,0.12468
6,1,0,11,6,100000,8.38455,0.12442
6,1,1,11,6,100000,8.55634,0.12276
6,1,2,11,6,100000,9.778,0.12484
6,1,3,11,6,100000,13.19295,0.12242
6,1,4,11,6,100000,18.27715,0.12177
6,1,5,11,6,100000,23.89172,0.12327
6,2,0,11,6,100000,8.40145,0.12315
6,2,1,11,6,100000,8.56987,0.12105
6,2,2,11,6,100000,9.79611,0.1243
6,2,3,11,6,100000,13.18249,0.12481
6,2,4,11,6,100000,18.27301,0.12258
6,3,0,11,6,100000,8.51285,0.12328
6,3,1,11,6,100000,8.67475,0.12438
6,3,2,11,6,100000,9.93446,0.12352
6,3,3,11,6,100000,13.33246,0.12346
6,4,0,11,6,100000,9.23784,0.12559
6,4,1,11,6,100000,9.40922,0.12305
6,4,2,11,6,100000,10.66627,0.1242
6,5,0,11,6,100000,11.28883,0.12187
6,5,1,11,6,100000,11.45398,0.1245
6,6,0,11,6,100000,14.29574,0.12281
7,1,0,11,6,100000,10.40008,0.12274
7,1,1,11,6,100000,10.49155,0.12517
7,1,2,11,6,100000,11.21534,0.12186
7,1,3,11,6,100000,13.78211,0.12475
7,1,4,11,6,100000,18.45969,0.12451
7,1,5,11,6,100000,23.87945,0.12304
7,1,6,11,6,100000,29.48272,0.12389
7,2,0,11,6,100000,10.38587,0.12403
7,2,1,11,6,100000,10.47606,0.12339
7,2,2,11,6,100000,11.22284,0.12348
7,2,3,11,6,100000,13.81123,0.12233
7,2,4,11,6,100000,18.43262,0.1235
7,2,5,11,6,100000,23.90825,0.12305
7,3,0,11,6,100000,10.41462,0.12181
7,3,1,11,6,100000,10.49203,0.12339
7,3,2,11,6,100000,11.21932,0.12463
7,3,3,11,6,100000,13.81315,0.12441
7,3,4,11,6,100000,18.44034,0.12361
7,4,0,11,6,100000,10.70027,0.12454
7,4,1,11,6,100000,10.80128,0.12403
7,4,2,11,6,100000,11.51306,0.12147
7,4,3,11,6,100000,14.09438,0.12573
7,5,0,11,6,100000,11.93558,0.12369
7,5,1,11,6,100000,12.0055,0.12337
7,5,2,11,6,100000,12.74425,0.12415
7,6,0,11,6,100000,14.417,0.12046
7,6,1,11,6,100000,14.50417,0.12231
7,7,0,11,6,100000,17.5967,0.12359
1,1,0,12,5,100000,1.00006,0.09537
2,1,0,12,5,100000,2.10024,0.09411
2,1,1,12,5,100000,4.05906,0.09465
2,2,0,12,5,100000,2.57322,0.09692
3,1,0,12,5,100000,3.37715,0.09508
3,1,1,12,5,100000,4.79246,0.09397
3,1,2,12,5,100000,9.15924,0.09362
3,2,0,12,5,100000,3.56218,0.09543
3,2,1,12,5,100000,4.99092,0.09645
3,3,0,12,5,100000,4.66586,0.09457
4,1,0,12,5,100000,4.86911,0.09492
4,1,1,12,5,100000,5.85094,0.09593
4,1,2,12,5,100000,9.50752,0.0948
4,1,3,12,5,100000,15.42306,0.09517
4,2,0,12,5,100000,4.91157,0.09573
4,2,1,12,5,100000,5.89544,0.09465
4,2,2,12,5,100000,9.5515,0.09622
4,3,0,12,5,100000,5.46243,0.09466
4,3,1,12,5,100000,6.44002,0.09472
4,4,0,12,5,100000,7.17452,0.09707
5,1,0,12,5,100000,6.55929,0.09382
5,1,1,12,5,100000,7.17701,0.09434
5,1,2,12,5,100000,10.07973,0.09609
5,1,3,12,5,100000,15.51353,0.09386
5,1,4,12,5,100000,21.95438,0.09468
5,2,0,12,5,100000,6.56679,0.09497
5,2,1,12,5,100000,7.18263,0.09546
5,2,2,12,5,100000,10.0537,0.09675
5,2,3,12,5,100000,15.50399,0.09629
5,3,0,12,5,100000,6.74797,0.09523
5,3,1,12,5,100000,7.37517,0.09415
5,3,2,12,5,100000,10.27538,0.09505
5,4,0,12,5,100000,7.736,0.09696
5,4,1,12,5,100000,8.35717,0.09405
5,5,0,12,5,100000,10.00292,0.09491
6,1,0,12,5,100000,8.4352,0.09527
6,1,1,12,5,100000,8.78624,0.0952
6,1,2,12,5,100000,10.91631,0.09514
6,1,3,12,5,100000,15.74204,0.09568
6,1,4,12,5,100000,21.99133,0.09647
6,1,5,12,5,100000,28.50945,0.09492
6,2,0,12,5,100000,8.44353,0.09386
6,2,1,12,5,100000,8.80789,0.09491
6,2,2,12,5,100000,10.90775,0.09648
6,2,3,12,5,100000,15.70205,0.09556
6,2,4,12,5,100000,21.9763,0.09476
6,3,0,12,5,100000,8.47236,0.09574
6,3,1,12,5,100000,8.84287,0.09557
6,3,2,12,5,100000,10.96829,0.09607
6,3,3,12,5,100000,15.75911,0.09351
6,4,0,12,5,100000,8.87544,0.0952
6,4,1,12,5,100000,9.26272,0.0959
6,4,2,12,5,100000,11.36283,0.09542
6,5,0,12,5,100000,10.3563,0.09473
6,5,1,12,5,100000,10.70388,0.09382
6,6,0,12,5,100000,12.94685,0.09493
7,1,0,12,5,100000,10.43075,0.09467
7,1,1,12,5,100000,10.62854,0.09563
7,1,2,12,5,100000,12.09515,0.09669
7,1,3,12,5,100000,16.10213,0.0938
7,1,4,12,5,100000,22.03557,0.09587
7,1,5,12,5,100000,28.52594,0.0951
7,2,0,12,5,100000,10.43778,0.09612
7,2,1,12,5,100000,10.64151,0.09425
7,2,2,12,5,100000,12.10916,0.09546
7,2,3,12,5,100000,16.09125,0.09529
7,2,4,12,5,100000,22.02021,0.09597
7,2,5,12,5,100000,28.53839,0.09581
7,3,0,12,5,100000,10.4426,0.09493
7,3,1,12,5,100000,10.63703,0.09356
7,3,2,12,5,100000,12.09275,0.0953
7,3,3,12,5,100000,16.09631,0.09415
7,3,4,12,5,100000,22.01216,0.096
7,4,0,12,5,100000,10.55549,0.0945
7,4,1,12,5,100000,10.7473,0.09459
7,4,2,12,5,100000,12.1884,0.094
7,4,3,12,5,100000,16.19278,0.09473
7,5,0,12,5,100000,11.2516,0.09638
7,5,1,12,5,100000,11.45757,0.09523
7,5,2,12,5,100000,12.92296,0.09504
7,6,0,12,5,100000,13.15368,0.09564
7,6,1,12,5,100000,13.36573,0.09503
7,7,0,12,5,100000,15.9671,0.09541
1,1,0,13,4,100000,1.00006,0.07346
2,1,0,13,4,100000,2.10929,0.07284
2,1,1,13,4,100000,4.98242,0.07321
2,2,0,13,4,100000,2.43353,0.07293
3,1,0,13,4,100000,3.39415,0.0739
3,1,1,13,4,100000,5.6765,0.07303
3,1,2,13,4,100000,11.63534,0.07345
3,2,0,13,4,100000,3.48932,0.07377
3,2,1,13,4,100000,5.77559,0.07183
3,3,0,13,4,100000,4.31791,0.07442
4,1,0,13,4,100000,4.88982,0.07352
4,1,1,13,4,100000,6.56049,0.07378
4,1,2,13,4,100000,11.85239,0.07354
4,1,3,13,4,100000,19.35936,0.07312
4,2,0,13,4,100000,4.92217,0.07212
4,2,1,13,4,100000,6.60377,0.07276
4,2,2,13,4,100000,11.86348,0.07173
4,3,0,13,4,100000,5.22471,0.07463
4,3,1,13,4,100000,6.90181,0.07186
4,4,0,13,4,100000,6.55541,0.07409
5,1,0,13,4,100000,6.59243,0.07381
5,1,1,13,4,100000,7.77481,0.07367
5,1,2,13,4,100000,12.2017,0.07067
5,1,3,13,4,100000,19.34853,0.07361
5,1,4,13,4,100000,27.20656,0.07296
5,2,0,13,4,100000,6.6051,0.07182
5,2,1,13,4,100000,7.77688,0.07353
5,2,2,13,4,100000,12.25273,0.07339
5,2,3,13,4,100000,19.36434,0.07279
5,3,0,13,4,100000,6.67058,0.07375
5,3,1,13,4,100000,7.85112,0.07292
5,3,2,13,4,100000,12.29697,0.07365
5,4,0,13,4,100000,7.29578,0.07222
5,4,1,13,4,100000,8.44436,0.07216
5,5,0,13,4,100000,9.09514,0.0727
6,1,0,13,4,100000,8.47175,0.07217
6,1,1,13,4,100000,9.25237,0.0735
6,1,2,13,4,100000,12.85667,0.0726
6,1,3,13,4,100000,19.46475,0.07465
6,1,4,13,4,100000,27.18328,0.07348
6,2,0,13,4,100000,8.482,0.07272
6,2,1,13,4,100000,9.23133,0.07317
6,2,2,13,4,100000,12.83676,0.07269
6,2,3,13,4,100000,19.46875,0.07231
6,2,4,13,4,100000,27.16632,0.07245
6,3,0,13,4,100000,8.46634,0.07246
6,3,1,13,4,100000,9.26425,0.07477
6,3,2,13,4,100000,12.8002,0.07327
6,3,3,13,4,100000,19.48813,0.07189
6,4,0,13,4,100000,8.65546,0.07331
6,4,1,13,4,100000,9.43756,0.07305
6,4,2,13,4,100000,12.99397,0.07402
6,5,0,13,4,100000,9.633,0.07305
6,5,1,13,4,100000,10.37778,0.07249
6,6,0,13,4,100000,11.77714,0.07223
7,1,0,13,4,100000,10.50254,0.07388
7,1,1,13,4,100000,10.95872,0.07184
7,1,2,13,4,100000,13.66883,0.07202
7,1,3,13,4,100000,19.62176,0.07283
7,1,4,13,4,100000,27.17875,0.0731
7,2,0,13,4,100000,10.47608,0.07193
7,2,1,13,4,100000,10.95818,0.07534
7,2,2,13,4,100000,13.70601,0.0745
7,2,3,13,4,100000,19.62593,0.07352
7,2,4,13,4,100000,27.19744,0.07267
7,3,0,13,4,100000,10.49152,0.07279
7,3,1,13,4,100000,10.96581,0.07362
7,3,2,13,4,100000,13.66933,0.07266
7,3,3,13,4,100000,19.62054,0.07388
7,3,4,13,4,100000,27.19982,0.07187
7,4,0,13,4,100000,10.51486,0.07193
7,4,1,13,4,100000,10.99264,0.07249
7,4,2,13,4,100000,13.67523,0.07263
7,4,3,13,4,100000,19.66783,0.07249
7,5,0,13,4,100000,10.84079,0.07312
7,5,1,13,4,100000,11.29176,0.07358
7,5,2,13,4,100000,14.02748,0.0736
7,6,0,13,4,100000,12.16006,0.07282
7,6,1,13,4,100000,12.6327,0.07285
7,7,0,13,4,100000,14.62478,0.0721
1,1,0,14,3,100000,1.0,0.05533
2,1,0,14,3,100000,2.11835,0.05562
2,1,1,14,3,100000,6.61424,0.05439
2,2,0,14,3,100000,2.33548,0.05472
3,1,0,14,3,100000,3.41178,0.05573
3,1,1,14,3,100000,7.11637,0.05735
3,1,2,14,3,100000,15.4457,0.05577
3,2,0,14,3,100000,3.46019,0.05659
3,2,1,14,3,100000,7.19922,0.05503
3,3,0,14,3,100000,4.03614,0.05505
4,1,0,14,3,100000,4.92187,0.05585
4,1,1,14,3,100000,7.87277,0.05559
4,1,2,14,3,100000,15.53819,0.05599
4,1,3,14,3,100000,25.21635,0.05481
4,2,0,14,3,100000,4.9257,0.05617
4,2,1,14,3,100000,7.92642,0.05331
4,2,2,14,3,100000,15.50241,0.05634
4,3,0,14,3,100000,5.07669,0.05591
4,3,1,14,3,100000,8.0598,0.05527
4,4,0,14,3,100000,6.0399,0.05546
5,1,0,14,3,100000,6.62696,0.05506
5,1,1,14,3,100000,8.91078,0.05569
5,1,2,14,3,100000,15.74627,0.05594
5,1,3,14,3,100000,25.19501,0.05627
5,2,0,14,3,100000,6.61524,0.05573
5,2,1,14,3,100000,8.89419,0.0562
5,2,2,14,3,100000,15.78134,0.05629
5,2,3,14,3,100000,25.16204,0.05621
5,3,0,14,3,100000,6.64746,0.05438
5,3,1,14,3,100000,8.91636,0.05519
5,3,2,14,3,100000,15.76879,0.05512
5,4,0,14,3,100000,6.95828,0.05614
5,4,1,14,3,100000,9.24211,0.05574
5,5,0,14,3,100000,8.34887,0.0556
6,1,0,14,3,100000,8.52121,0.05553
6,1,1,14,3,100000,10.15317,0.05542
6,1,2,14,3,100000,16.08978,0.05558
6,1,3,14,3,100000,25.24683,0.05659
6,2,0,14,3,100000,8.50852,0.05604
6,2,1,14,3,100000,10.14109,0.05572
6,2,2,14,3,100000,16.08847,0.05634
6,2,3,14,3,100000,25.23103,0.05521
6,3,0,14,3,100000,8.51302,0.0563
6,3,1,14,3,100000,10.14312,0.05484
6,3,2,14,3,100000,16.13479,0.056
6,3,3,14,3,100000,25.22997,0.05533
6,4,0,14,3,100000,8.54759,0.05632
6,4,1,14,3,100000,10.1855,0.05696
6,4,2,14,3,100000,16.13533,0.05644
6,5,0,14,3,100000,9.10236,0.0546
6,5,1,14,3,100000,10.72922,0.05572
6,6,0,14,3,100000,10.81039,0.0554
7,1,0,14,3,100000,10.54186,0.05574
7,1,1,14,3,100000,11.65375,0.05584
7,1,2,14,3,100000,16.6371,0.05618
7,1,3,14,3,100000,25.30512,0.05672
7,2,0,14,3,100000,10.52433,0.05497
7,2,1,14,3,100000,11.66387,0.05464
7,2,2,14,3,100000,16.64884,0.05564
7,2,3,14,3,100000,25.2611,0.05514
7,3,0,14,3,100000,10.53885,0.05479
7,3,1,14,3,100000,11.67312,0.05592
7,3,2,14,3,100000,16.65969,0.05524
7,3,3,14,3,100000,25.28428,0.05593
7,4,0,14,3,100000,10.50999,0.05492
7,4,1,14,3,100000,11.65242,0.05539
7,4,2,14,3,100000,16.68011,0.05445
7,4,3,14,3,100000,25.25556,0.05423
7,5,0,14,3,100000,10.62098,0.05664
7,5,1,14,3,100000,11.75688,0.05638
7,5,2,14,3,100000,16.74063,0.0558
7,6,0,14,3,100000,11.3934,0.05618
7,6,1,14,3,100000,12.50897,0.05578
7,7,0,14,3,100000,13.39915,0.05493
1,1,0,15,2,100000,1.0,0.04143
2,1,0,15,2,100000,2.12335,0.04259
2,1,1,15,2,100000,9.44686,0.04239
2,2,0,15,2,100000,2.25253,0.04206
3,1,0,15,2,100000,3.42433,0.04186
3,1,1,15,2,100000,9.87561,0.04228
3,1,2,15,2,100000,21.91431,0.04146
3,2,0,15,2,100000,3.43377,0.04242
3,2,1,15,2,100000,9.86328,0.04276
3,3,0,15,2,100000,3.80119,0.042
4,1,0,15,2,100000,4.9404,0.04142
4,1,1,15,2,100000,10.43221,0.04153
4,1,2,15,2,100000,21.94358,0.04206
4,2,0,15,2,100000,4.93958,0.04295
4,2,1,15,2,100000,10.46246,0.0421
4,2,2,15,2,100000,21.90474,0.04112
4,3,0,15,2,100000,4.98221,0.04225
4,3,1,15,2,100000,10.4645,0.04159
4,4,0,15,2,100000,5.62316,0.04219
5,1,0,15,2,100000,6.64815,0.04247
5,1,1,15,2,100000,11.18698,0.04188
5,1,2,15,2,100000,22.05099,0.04266
5,2,0,15,2,100000,6.65956,0.04209
5,2,1,15,2,100000,11.16285,0.04226
5,2,2,15,2,100000,22.02054,0.04232
5,3,0,15,2,100000,6.66796,0.04159
5,3,1,15,2,100000,11.14873,0.04089
5,3,2,15,2,100000,22.04124,0.04273
5,4,0,15,2,100000,6.76597,0.04105
5,4,1,15,2,100000,11.27363,0.04187
5,5,0,15,2,100000,7.69613,0.04206
6,1,0,15,2,100000,8.542,0.04114
6,1,1,15,2,100000,12.12679,0.04248
6,1,2,15,2,100000,22.16797,0.04195
6,2,0,15,2,100000,8.56351,0.04132
6,2,1,15,2,100000,12.12851,0.04191
6,2,2,15,2,100000,22.09554,0.04157
6,3,0,15,2,100000,8.53871,0.04222
6,3,1,15,2,100000,12.1046,0.04144
6,3,2,15,2,100000,22.15484,0.04283
6,4,0,15,2,100000,8.55763,0.04195
6,4,1,15,2,100000,12.13544,0.04208
6,4,2,15,2,100000,22.153,0.04267
6,5,0,15,2,100000,8.73275,0.04114
6,5,1,15,2,100000,12.35511,0.04263
6,6,0,15,2,100000,9.95403,0.04155
7,1,0,15,2,100000,10.58581,0.04234
7,1,1,15,2,100000,13.34754,0.04146
7,1,2,15,2,100000,22.40195,0.04118
7,2,0,15,2,100000,10.56078,0.04276
7,2,1,15,2,100000,13.3493,0.04044
7,2,2,15,2,100000,22.39612,0.04223
7,3,0,15,2,100000,10.58464,0.04191
7,3,1,15,2,100000,13.3557,0.04316
7,3,2,15,2,100000,22.37354,0.04267
7,4,0,15,2,100000,10.55589,0.04186
7,4,1,15,2,100000,13.33771,0.04177
7,4,2,15,2,100000,22.35465,0.04219
7,5,0,15,2,100000,10.58929,0.04099
7,5,1,15,2,100000,13.29636,0.04218
7,5,2,15,2,100000,22.38043,0.04239
7,6,0,15,2,100000,10.84279,0.04264
7,6,1,15,2,100000,13.60171,0.04227
7,7,0,15,2,100000,12.35813,0.0406
1,1,0,16,1,100000,1.0,0.0308
2,1,0,16,1,100000,2.13201,0.03121
2,1,1,16,1,100000,15.66105,0.03067
2,2,0,16,1,100000,2.18447,0.03182
3,1,0,16,1,100000,3.43716,0.03208
3,1,1,16,1,100000,15.88444,0.03082
3,2,0,16,1,100000,3.44319,0.03174
3,2,1,16,1,100000,15.86477,0.03165
3,3,0,16,1,100000,3.60194,0.03147
4,1,0,16,1,100000,4.96446,0.03136
4,1,1,16,1,100000,16.15851,0.03088
4,2,0,16,1,100000,4.95745,0.03114
4,2,1,16,1,100000,16.14496,0.03065
4,3,0,16,1,100000,4.97309,0.03226
4,3,1,16,1,100000,16.11742,0.03071
4,4,0,16,1,100000,5.27158,0.03128
5,1,0,16,1,100000,6.67885,0.03198
5,1,1,16,1,100000,16.5828,0.03057
5,2,0,16,1,100000,6.6837,0.03143
5,2,1,16,1,100000,16.59147,0.03127
5,3,0,16,1,100000,6.67673,0.03104
5,3,1,16,1,100000,16.55572,0.03126
5,4,0,16,1,100000,6.68179,0.03087
5,4,1,16,1,100000,16.56117,0.03227
5,5,0,16,1,100000,7.16496,0.03195
6,1,0,16,1,100000,8.58104,0.03068
6,1,1,16,1,100000,17.1187,0.03135
6,2,0,16,1,100000,8.57245,0.03132
6,2,1,16,1,100000,17.14782,0.03262
6,3,0,16,1,100000,8.57891,0.0317
6,3,1,16,1,100000,17.15298,0.03099
6,4,0,16,1,100000,8.57007,0.03112
6,4,1,16,1,100000,17.15356,0.0307
6,5,0,16,1,100000,8.57672,0.03074
6,5,1,16,1,100000,17.17131,0.03176
6,6,0,16,1,100000,9.22934,0.03209
7,1,0,16,1,100000,10.5878,0.03169
7,1,1,16,1,100000,17.845,0.03084
7,2,0,16,1,100000,10.59123,0.03127
7,2,1,16,1,100000,17.84252,0.03194
7,3,0,16,1,100000,10.60283,0.03083
7,3,1,16,1,100000,17.83772,0.03078
7,4,0,16,1,100000,10.60404,0.03034
7,4,1,16,1,100000,17.83752,0.03147
7,5,0,16,1,100000,10.59891,0.03135
7,5,1,16,1,100000,17.86764,0.03199
7,6,0,16,1,100000,10.61636,0.03129
7,6,1,16,1,100000,17.87579,0.03146
7,7,0,16,1,100000,11.43843,0.03175
1,1,0,17,0,100000,1.0,0.02344
2,1,0,17,0,100000,2.13982,0.02222
2,2,0,17,0,100000,2.13878,0.02309
3,1,0,17,0,100000,3.45458,0.02304
3,2,0,17,0,100000,3.45003,0.02368
3,3,0,17,0,100000,3.44822,0.02272
4,1,0,17,0,100000,4.98464,0.02314
4,2,0,17,0,100000,4.98432,0.02352
4,3,0,17,0,100000,4.97709,0.02298
4,4,0,17,0,100000,4.97641,0.02363
5,1,0,17,0,100000,6.71194,0.02372
5,2,0,17,0,100000,6.72056,0.0225
5,3,0,17,0,100000,6.70486,0.02379
5,4,0,17,0,100000,6.69966,0.02372
5,5,0,17,0,100000,6.70271,0.02222
6,1,0,17,0,100000,8.6093,0.02317
6,2,0,17,0,100000,8.61532,0.02223
6,3,0,17,0,100000,8.61035,0.02382
6,4,0,17,0,100000,8.60019,0.02277
6,5,0,17,0,100000,8.59986,0.02293
6,6,0,17,0,100000,8.59682,0.02273
7,1,0,17,0,100000,10.6328,0.02371
7,2,0,17,0,100000,10.6234,0.02332
7,3,0,17,0,100000,10.64484,0.02268
7,4,0,17,0,100000,10.61344,0.02298
7,5,0,17,0,100000,10.6195,0.0226
7,6,0,17,0,100000,10.62264,0.02248
7,7,0,17,0,100000,10.62992,0.02386
